{
  "content": [
    {
      "path": "ContentInfo/tabletopandroid-airport-klcg-wayne/ContentHistory.json",
      "size": 158,
      "date": 133593348454915543
    },
    {
      "path": "ContentInfo/tabletopandroid-airport-klcg-wayne/Thumbnail.jpg",
      "size": 49961,
      "date": 133593353445618357
    },
    {
      "path": "Scenery/airport-klcg-wayne/scenery/KLCG.bgl",
      "size": 96902,
      "date": 133593348454804932
    },
    {
      "path": "Scenery/android-modellib/android-modellib.BGL",
      "size": 8080,
      "date": 133589138841603907
    }
  ]
}